X;Y
127.06;143.71
127.64;143.79
128.23;143.83
128.83;143.85
129.43;143.84
130.03;143.80
130.63;143.73
131.24;143.62
131.84;143.49
132.44;143.33
133.03;143.13
133.62;142.90
134.20;142.64
134.77;142.35
135.33;142.03
135.88;141.68
136.41;141.31
136.92;140.90
137.42;140.46
137.90;140.00
138.36;139.51
138.79;138.99
139.21;138.45
139.59;137.88
139.95;137.30
140.28;136.69
140.59;136.06
140.86;135.42
141.11;134.75
141.32;134.07
141.49;133.38
141.64;132.67
141.75;131.96
141.82;131.23
141.86;130.50
141.86;129.76
141.83;129.02
141.75;128.28
141.64;127.53
141.50;126.79
141.31;126.06
141.09;125.33
140.82;124.60
140.53;123.89
140.19;123.19
139.82;122.50
139.41;121.83
138.96;121.17
138.49;120.54
137.97;119.92
137.43;119.33
136.85;118.76
136.24;118.22
135.60;117.71
134.94;117.23
134.24;116.78
133.53;116.35
132.78;115.97
132.02;115.62
131.23;115.31
130.43;115.03
129.61;114.80
128.77;114.60
127.92;114.45
127.06;114.34
126.19;114.26
125.32;114.24
124.44;114.25
123.55;114.31
122.67;114.42
121.79;114.57
120.91;114.76
120.04;115.00
119.17;115.28
118.32;115.61
117.48;115.98
116.66;116.39
115.85;116.84
115.07;117.34
114.30;117.88
113.56;118.46
112.85;119.07
112.16;119.73
111.51;120.42
110.88;121.15
110.29;121.91
109.74;122.70
109.22;123.52
108.74;124.37
108.31;125.25
107.92;126.15
107.56;127.07
107.26;128.02
107.00;128.98
106.78;129.96
106.62;130.95
106.50;131.96
106.44;132.97
106.42;133.99
106.45;135.02
106.54;136.04
106.67;137.06
106.86;138.09
107.10;139.10
107.39;140.11
107.73;141.10
108.12;142.08
108.56;143.05
109.05;143.99
109.59;144.92
110.17;145.82
110.81;146.69
111.49;147.53
112.21;148.35
112.97;149.13
113.78;149.87
114.62;150.58
115.50;151.25
116.42;151.87
117.37;152.45
118.35;152.99
119.36;153.48
120.40;153.92
121.46;154.31
122.55;154.65
123.66;154.93
124.78;155.16
125.91;155.34
127.06;155.46
128.22;155.52
129.38;155.52
130.55;155.47
131.72;155.37
132.88;155.20
134.04;154.97
135.20;154.69
136.34;154.35
137.46;153.95
138.57;153.49
139.66;152.98
140.73;152.41
141.77;151.79
142.79;151.12
143.77;150.39
144.72;149.61
145.63;148.79
146.50;147.91
147.34;147.00
148.13;146.03
148.87;145.03
149.57;143.99
150.21;142.91
150.81;141.79
151.35;140.65
151.83;139.47
152.26;138.27
152.63;137.04
152.94;135.80
153.19;134.53
153.37;133.25
153.50;131.96
153.56;130.66
153.55;129.35
153.48;128.04
153.35;126.73
153.15;125.42
152.89;124.12
152.56;122.84
152.16;121.56
151.71;120.30
151.19;119.06
150.60;117.85
149.96;116.66
149.25;115.50
148.49;114.37
147.67;113.28
146.79;112.23
145.86;111.21
144.88;110.25
143.85;109.33
142.77;108.45
141.64;107.63
140.48;106.86
139.27;106.15
138.02;105.50
136.74;104.91
135.43;104.38
134.09;103.91
132.72;103.51
131.33;103.18
129.92;102.91
128.50;102.71
127.06;102.58
125.62;102.53
124.17;102.54
122.71;102.63
121.26;102.79
119.81;103.02
118.38;103.32
116.95;103.70
115.54;104.14
114.15;104.66
112.78;105.24
111.44;105.90
110.13;106.62
108.86;107.41
107.61;108.26
106.41;109.18
105.25;110.15
104.14;111.18
103.08;112.28
102.07;113.42
101.12;114.62
100.21;115.87
99.38;117.16
98.60;118.50
97.89;119.87
97.25;121.29
96.67;122.74
96.17;124.22
95.73;125.73
95.38;127.26
95.09;128.81
94.88;130.38
94.75;131.96
94.70;133.55
94.73;135.14
94.83;136.74
95.01;138.33
95.28;139.92
95.62;141.50
96.04;143.06
96.53;144.60
97.11;146.12
97.76;147.62
98.48;149.09
99.28;150.52
100.15;151.92
101.09;153.27
102.10;154.58
103.18;155.84
104.32;157.05
105.52;158.21
106.78;159.31
108.09;160.35
109.46;161.32
110.88;162.23
112.35;163.07
113.85;163.84
115.40;164.54
116.99;165.16
118.61;165.70
120.26;166.17
121.93;166.55
123.63;166.85
125.34;167.07
127.06;167.21
128.80;167.25
130.54;167.22
132.28;167.10
134.01;166.89
135.74;166.59
137.45;166.21
139.15;165.75
140.83;165.20
142.49;164.57
144.11;163.85
145.70;163.06
147.26;162.18
148.77;161.23
150.24;160.20
151.66;159.09
153.03;157.92
154.33;156.68
155.59;155.37
156.77;153.99
157.90;152.56
158.95;151.07
159.93;149.53
160.83;147.93
161.66;146.29
162.41;144.61
163.08;142.88
163.66;141.12
164.15;139.34
164.56;137.52
164.88;135.68
165.11;133.83
165.25;131.96
165.29;130.08
165.24;128.20
165.11;126.31
164.87;124.44
164.55;122.57
164.13;120.71
163.62;118.88
163.02;117.07
162.33;115.28
161.55;113.53
160.68;111.81
159.73;110.13
158.69;108.50
157.57;106.92
156.37;105.39
155.10;103.92
153.75;102.51
152.34;101.16
150.85;99.89
150.85;99.89
149.30;98.69
149.30;98.68
147.69;97.56
147.68;97.55
146.03;96.51
146.02;96.50
144.31;95.54
144.29;95.53
142.54;94.66
142.52;94.65
140.73;93.86
140.70;93.85
138.87;93.15
138.84;93.13
136.98;92.53
136.94;92.51
135.05;92.00
135.01;91.99
133.10;91.57
133.06;91.55
131.13;91.23
131.08;91.22
129.13;90.99
129.08;90.98
127.12;90.84
127.06;90.84
125.11;90.80
125.04;90.80
123.08;90.85
123.01;90.85
121.06;91.00
120.99;91.01
119.05;91.26
118.97;91.27
117.04;91.61
116.96;91.62
115.05;92.06
114.97;92.08
113.08;92.61
112.99;92.64
111.14;93.26
111.04;93.29
109.22;94.00
109.13;94.04
107.34;94.84
107.25;94.88
105.50;95.77
105.40;95.82
103.70;96.79
103.61;96.85
101.96;97.91
101.86;97.97
100.26;99.11
100.16;99.18
98.62;100.39
98.52;100.47
97.05;101.76
96.95;101.84
95.54;103.20
95.44;103.29
94.09;104.72
94.00;104.82
92.73;106.31
92.63;106.42
91.44;107.97
91.35;108.09
90.23;109.70
90.14;109.83
89.10;111.49
89.01;111.62
88.06;113.33
87.98;113.47
87.11;115.23
87.03;115.38
86.25;117.17
86.19;117.33
85.49;119.16
85.43;119.33
84.82;121.19
84.77;121.36
84.26;123.26
84.21;123.43
83.79;125.35
83.75;125.53
83.43;127.46
83.40;127.66
83.17;129.60
83.15;129.80
83.02;131.76
83.00;131.96
82.97;133.92
82.97;134.12
83.03;136.08
83.03;136.29
83.19;138.25
83.21;138.46
83.46;140.40
83.49;140.63
83.84;142.55
83.88;142.78
84.32;144.68
84.37;144.91
84.91;146.79
84.98;147.02
85.60;148.87
85.68;149.10
86.40;150.92
86.49;151.15
87.29;152.93
87.40;153.16
88.29;154.90
88.41;155.13
89.38;156.83
89.51;157.05
90.57;158.69
90.72;158.91
91.86;160.51
92.01;160.72
93.23;162.26
93.40;162.47
94.69;163.94
94.87;164.15
96.23;165.56
96.43;165.76
97.86;167.10
98.07;167.29
99.56;168.56
99.78;168.75
101.33;169.94
101.57;170.12
103.18;171.23
103.42;171.40
105.08;172.43
105.34;172.59
107.05;173.55
107.32;173.70
109.08;174.56
109.36;174.70
111.16;175.48
111.45;175.60
113.28;176.29
113.58;176.40
115.45;177.00
115.75;177.10
117.65;177.61
117.97;177.69
119.88;178.10
120.21;178.17
122.14;178.49
122.47;178.55
124.42;178.77
124.76;178.81
126.72;178.93
127.06;178.95
129.02;178.98
129.37;178.99
131.33;178.92
131.69;178.91
133.64;178.75
134.00;178.72
135.94;178.46
136.30;178.41
138.23;178.06
138.59;177.99
140.50;177.54
140.86;177.46
142.75;176.92
143.11;176.81
144.96;176.18
145.33;176.05
147.15;175.33
147.51;175.19
149.29;174.38
149.65;174.21
151.39;173.32
151.74;173.13
153.44;172.15
153.78;171.95
155.43;170.88
155.77;170.66
157.36;169.52
157.69;169.28
159.22;168.06
159.55;167.80
161.02;166.50
161.33;166.23
162.74;164.86
163.04;164.57
164.37;163.13
164.67;162.82
165.93;161.32
166.21;160.99
167.40;159.44
167.66;159.09
168.77;157.47
169.02;157.11
170.05;155.44
170.29;155.06
171.24;153.35
171.46;152.95
172.31;151.19
172.52;150.79
173.29;148.99
173.47;148.56
174.16;146.73
174.32;146.29
174.91;144.43
175.06;143.98
175.56;142.09
175.67;141.63
176.08;139.71
176.18;139.24
176.50;137.31
176.57;136.83
176.79;134.89
176.85;134.40
176.97;132.45
177.00;131.96
177.02;130.00
177.03;129.50
176.96;127.55
176.94;127.05
176.77;125.10
176.73;124.59
176.46;122.65
176.40;122.15
176.04;120.22
175.94;119.71
175.49;117.81
175.37;117.30
174.83;115.42
174.68;114.92
174.05;113.07
173.87;112.57
173.15;110.75
172.95;110.26
172.13;108.48
171.91;107.99
171.01;106.25
170.76;105.77
169.77;104.08
169.49;103.61
168.43;101.96
168.13;101.50
166.98;99.92
166.66;99.46
165.43;97.94
165.08;97.50
163.78;96.03
163.41;95.61
162.04;94.21
161.64;93.80
160.21;92.47
159.79;92.08
158.29;90.82
157.85;90.45
156.29;89.27
155.82;88.91
154.21;87.81
153.72;87.48
152.06;86.45
151.55;86.14
149.84;85.20
149.31;84.91
147.55;84.05
147.01;83.79
145.21;83.02
144.66;82.78
142.82;82.10
142.25;81.89
140.38;81.30
139.80;81.12
137.90;80.62
137.31;80.46
135.39;80.06
134.78;79.93
132.85;79.63
132.23;79.53
130.28;79.31
129.65;79.24
127.70;79.13
127.06;79.09
125.10;79.07
124.46;79.06
122.51;79.13
121.86;79.16
119.91;79.33
119.26;79.39
117.32;79.66
116.68;79.74
114.75;80.11
114.11;80.23
112.20;80.68
111.55;80.84
109.68;81.39
109.04;81.57
107.18;82.21
106.55;82.44
104.73;83.17
104.11;83.42
102.33;84.24
101.71;84.52
99.97;85.43
99.36;85.74
97.67;86.73
97.08;87.08
95.44;88.15
94.86;88.54
93.27;89.68
92.71;90.09
91.18;91.32
90.63;91.76
89.17;93.06
88.64;93.54
87.24;94.91
86.73;95.41
85.40;96.84
84.92;97.37
83.66;98.87
83.20;99.43
82.02;100.99
81.58;101.57
80.47;103.18
80.06;103.79
79.04;105.46
78.65;106.08
77.72;107.80
77.36;108.45
76.51;110.21
76.18;110.88
75.42;112.68
75.12;113.37
74.45;115.21
74.19;115.92
73.60;117.79
73.37;118.51
72.88;120.40
72.69;121.14
72.29;123.06
72.13;123.81
71.83;125.74
71.71;126.51
71.50;128.45
71.42;129.22
71.30;131.18
71.26;131.96
71.24;133.92
71.23;134.70
71.31;136.66
71.34;137.45
71.52;139.40
71.59;140.19
71.86;142.13
71.97;142.92
72.33;144.84
72.48;145.63
72.94;147.53
73.13;148.32
73.68;150.20
73.91;150.98
74.56;152.82
74.83;153.60
75.56;155.41
75.87;156.17
76.69;157.95
77.04;158.70
77.94;160.43
78.33;161.17
79.32;162.86
79.74;163.58
80.82;165.21
81.28;165.91
82.43;167.49
82.93;168.18
84.16;169.70
84.69;170.36
86.00;171.82
86.56;172.46
87.94;173.85
88.54;174.46
89.98;175.79
90.61;176.37
92.12;177.63
92.78;178.18
94.34;179.36
95.04;179.89
96.66;180.99
97.38;181.48
99.05;182.50
99.80;182.95
101.52;183.89
102.30;184.32
104.06;185.17
104.86;185.55
106.67;186.32
107.49;186.67
109.33;187.34
110.17;187.65
112.04;188.23
112.90;188.50
114.80;188.99
115.67;189.21
117.59;189.61
118.48;189.80
120.42;190.10
121.32;190.24
123.27;190.44
124.19;190.54
126.14;190.65
127.06;190.70
129.02;190.72
129.95;190.72
131.91;190.64
132.84;190.60
134.79;190.42
135.72;190.34
137.66;190.07
138.60;189.94
140.52;189.57
141.45;189.39
143.35;188.93
144.28;188.70
146.15;188.14
147.07;187.87
148.92;187.23
149.82;186.91
151.64;186.17
152.53;185.81
154.31;184.98
155.19;184.57
156.92;183.66
157.78;183.21
159.47;182.22
160.31;181.72
161.95;180.64
162.77;180.10
164.35;178.94
165.14;178.36
166.67;177.13
167.44;176.51
168.90;175.20
169.64;174.53
171.03;173.16
171.74;172.46
173.07;171.02
173.75;170.27
175.00;168.77
175.65;167.99
176.82;166.43
177.43;165.61
178.53;163.99
179.10;163.15
180.12;161.48
180.65;160.60
181.58;158.88
182.08;157.98
182.92;156.21
183.37;155.28
184.13;153.48
184.53;152.52
185.20;150.68
185.56;149.70
186.14;147.83
186.45;146.83
186.94;144.94
187.20;143.92
187.59;142.00
187.80;140.97
188.10;139.03
188.26;137.99
188.47;136.04
188.58;134.98
188.68;133.03
188.74;131.96
188.76;130.00
188.76;128.93
188.68;126.97
188.63;125.89
188.45;123.94
188.35;122.87
188.07;120.93
187.92;119.85
187.55;117.93
187.34;116.86
186.88;114.96
186.62;113.89
186.06;112.02
185.74;110.96
185.10;109.11
184.73;108.07
183.99;106.26
183.57;105.23
182.74;103.46
182.27;102.45
181.36;100.72
180.83;99.73
179.84;98.04
179.26;97.08
178.19;95.44
177.56;94.50
176.40;92.93
175.74;92.01
174.50;90.49
173.79;89.61
172.48;88.15
171.72;87.30
170.34;85.91
169.53;85.10
168.09;83.78
167.24;83.00
165.73;81.75
164.85;81.01
163.28;79.84
162.35;79.14
160.73;78.05
159.77;77.40
158.09;76.39
157.09;75.78
155.37;74.85
154.34;74.29
152.57;73.44
151.51;72.94
149.70;72.18
148.62;71.72
146.78;71.05
145.66;70.65
143.79;70.07
142.65;69.72
140.76;69.24
139.60;68.94
137.68;68.55
136.50;68.31
134.57;68.01
133.38;67.83
131.43;67.63
130.23;67.51
128.27;67.41
127.06;67.34
125.10;67.33
123.89;67.33
121.93;67.41
120.71;67.47
118.76;67.65
117.54;67.77
115.60;68.05
114.38;68.22
112.46;68.59
111.25;68.83
109.35;69.30
108.14;69.59
106.27;70.15
105.08;70.51
103.23;71.17
102.05;71.58
100.24;72.32
99.08;72.80
97.31;73.63
96.17;74.16
94.44;75.08
93.32;75.67
91.64;76.67
90.55;77.31
88.92;78.40
87.86;79.10
86.28;80.26
85.25;81.01
83.74;82.25
82.74;83.06
81.29;84.37
80.33;85.23
78.94;86.61
78.03;87.51
76.71;88.96
75.83;89.92
74.59;91.43
73.76;92.43
72.59;94.00
71.81;95.04
70.72;96.66
69.98;97.75
68.97;99.42
68.29;100.55
67.36;102.27
66.74;103.43
65.90;105.19
65.33;106.39
64.57;108.19
64.06;109.42
63.39;111.26
62.94;112.51
62.37;114.38
61.98;115.65
61.49;117.55
61.17;118.85
60.78;120.77
60.51;122.09
60.22;124.02
60.02;125.35
59.82;127.30
59.68;128.65
59.58;130.60
59.51;131.96
59.50;133.92
59.50;135.28
59.59;137.23
59.65;138.60
59.84;140.55
59.97;141.91
60.25;143.85
60.45;145.21
60.82;147.13
61.09;148.48
61.56;150.38
61.89;151.73
62.45;153.60
62.85;154.93
63.51;156.78
63.97;158.09
64.71;159.90
65.25;161.20
66.08;162.97
66.67;164.24
67.59;165.97
68.25;167.21
69.25;168.89
69.98;170.10
71.06;171.73
71.84;172.91
73.00;174.49
73.85;175.63
75.09;177.15
75.99;178.25
77.30;179.70
78.25;180.77
79.63;182.16
80.65;183.17
82.09;184.49
83.16;185.46
84.67;186.70
85.78;187.62
87.35;188.79
88.51;189.65
90.14;190.75
91.34;191.56
93.02;192.57
94.27;193.32
95.99;194.24
97.28;194.94
99.04;195.78
100.37;196.41
102.18;197.16
103.53;197.72
105.37;198.39
106.76;198.89
108.63;199.46
110.05;199.89
111.94;200.37
113.38;200.74
115.30;201.12
116.76;201.42
118.70;201.71
120.17;201.93
122.12;202.13
123.61;202.28
125.56;202.38
127.06;202.45
129.02;202.45
130.53;202.46
132.48;202.36
133.99;202.29
135.94;202.10
137.45;201.96
139.38;201.68
140.89;201.46
142.81;201.08
144.30;200.79
146.20;200.31
147.69;199.94
149.56;199.38
151.03;198.94
152.87;198.28
154.32;197.76
156.13;197.02
157.56;196.43
159.33;195.59
160.72;194.94
162.45;194.02
163.82;193.29
165.51;192.29
166.84;191.49
168.47;190.40
169.77;189.54
171.34;188.37
172.60;187.44
174.11;186.20
175.33;185.21
176.78;183.90
177.95;182.84
179.33;181.46
180.45;180.35
181.77;178.90
182.83;177.73
184.07;176.21
185.08;174.99
186.25;173.42
187.20;172.14
188.29;170.51
189.18;169.19
190.19;167.51
191.01;166.14
191.94;164.41
192.70;163.00
193.54;161.23
194.23;159.78
194.98;157.97
195.60;156.48
196.26;154.64
196.80;153.11
197.37;151.24
197.85;149.69
198.33;147.79
198.72;146.21
199.10;144.29
199.43;142.69
199.71;140.76
199.95;139.14
200.15;137.19
200.31;135.56
200.41;133.60
200.49;131.96
200.50;130.00
200.50;128.35
200.40;126.39
200.32;124.74
200.13;122.79
199.97;121.14
199.69;119.21
199.44;117.56
199.06;115.64
198.74;114.00
198.26;112.11
197.86;110.48
197.29;108.61
196.81;107.00
196.15;105.16
195.58;103.58
194.83;101.77
194.19;100.21
193.35;98.44
192.63;96.91
191.71;95.18
190.91;93.69
189.91;92.01
189.03;90.55
187.95;88.92
187.00;87.51
185.83;85.93
184.82;84.56
183.58;83.05
182.49;81.72
181.18;80.27
180.02;79.00
178.64;77.61
177.42;76.39
175.97;75.08
174.69;73.92
173.18;72.67
171.85;71.58
170.27;70.41
168.88;69.38
167.25;68.29
165.80;67.32
164.13;66.31
162.63;65.42
160.90;64.49
159.36;63.67
157.59;62.83
156.01;62.08
154.20;61.33
152.57;60.66
150.73;60.00
149.07;59.41
147.20;58.84
145.51;58.32
143.61;57.85
141.89;57.42
139.97;57.04
138.23;56.69
136.29;56.40
134.53;56.14
132.58;55.95
130.81;55.78
128.85;55.68
127.06;55.59
125.10;55.59
123.31;55.59
121.36;55.69
119.56;55.78
117.61;55.97
115.82;56.15
113.88;56.43
112.09;56.70
110.17;57.08
108.39;57.43
106.50;57.91
104.74;58.35
102.86;58.92
101.12;59.45
99.28;60.11
97.56;60.72
95.75;61.48
94.06;62.18
92.29;63.01
90.63;63.80
88.90;64.72
87.28;65.59
85.60;66.60
84.02;67.55
82.40;68.63
80.86;69.66
79.29;70.83
77.80;71.93
76.29;73.18
74.85;74.35
73.40;75.67
72.02;76.92
70.64;78.31
69.32;79.62
68.01;81.08
66.75;82.46
65.51;83.98
64.32;85.43
63.16;87.00
62.04;88.51
60.95;90.14
59.91;91.71
58.90;93.39
57.93;95.01
57.01;96.74
56.12;98.40
55.28;100.18
54.47;101.89
53.73;103.70
53.00;105.46
52.34;107.30
51.70;109.10
51.13;110.97
50.58;112.80
50.11;114.70
49.64;116.56
49.26;118.48
48.89;120.36
48.60;122.30
48.32;124.20
48.13;126.15
47.95;128.07
47.85;130.03
47.76;131.96
47.76;133.92
47.76;135.85
47.86;137.81
47.96;139.75
48.15;141.70
48.34;143.63
48.63;145.57
48.92;147.50
49.31;149.42
49.69;151.34
50.17;153.24
50.65;155.14
50.65;155.14
51.22;157.01
51.79;158.88
51.79;158.89
52.45;160.74
53.11;162.58
53.12;162.59
53.87;164.40
54.62;166.20
54.63;166.22
55.47;167.99
56.30;169.76
56.31;169.77
57.24;171.50
58.16;173.23
58.17;173.25
59.18;174.93
60.19;176.60
60.21;176.63
61.30;178.26
62.39;179.88
62.41;179.91
63.58;181.48
64.74;183.05
64.77;183.08
66.01;184.59
67.26;186.11
67.28;186.14
68.60;187.59
69.92;189.04
69.95;189.07
71.33;190.45
72.72;191.84
72.76;191.88
74.21;193.19
75.66;194.50
75.70;194.54
77.22;195.78
78.74;197.02
78.78;197.06
80.36;198.22
81.93;199.39
81.98;199.43
83.61;200.51
85.24;201.60
85.30;201.63
86.98;202.64
88.66;203.64
88.73;203.68
90.45;204.60
92.18;205.52
92.25;205.56
94.02;206.39
95.79;207.23
95.87;207.26
97.68;208.01
99.49;208.75
99.57;208.79
101.42;209.45
103.26;210.10
103.35;210.13
105.22;210.70
107.10;211.26
107.19;211.29
109.09;211.76
110.99;212.23
111.09;212.26
113.01;212.64
114.93;213.02
115.04;213.04
116.97;213.32
118.91;213.61
119.02;213.62
120.97;213.81
122.92;214.00
123.03;214.01
124.99;214.10
126.94;214.20
127.06;214.20
129.02;214.19
130.98;214.19
131.10;214.19
133.06;214.09
135.01;213.99
135.14;213.99
137.09;213.79
139.04;213.59
139.17;213.58
141.11;213.29
143.04;213.00
143.18;212.98
145.10;212.59
147.02;212.21
147.16;212.18
149.06;211.70
150.95;211.22
151.10;211.18
152.97;210.61
154.84;210.04
154.99;210.00
156.83;209.33
158.67;208.67
158.82;208.62
160.62;207.87
162.43;207.11
162.58;207.05
164.35;206.21
166.11;205.37
166.26;205.30
167.99;204.37
169.71;203.45
169.86;203.36
171.54;202.36
173.22;201.35
173.37;201.26
174.99;200.16
176.62;199.07
176.77;198.97
178.34;197.80
179.91;196.63
180.05;196.52
181.56;195.28
183.07;194.03
183.22;193.92
184.66;192.60
186.12;191.28
186.26;191.15
187.64;189.76
189.02;188.38
189.16;188.24
190.47;186.78
191.78;185.33
191.91;185.18
193.15;183.66
194.39;182.15
194.52;181.99
195.68;180.41
196.85;178.84
196.97;178.67
198.05;177.04
199.14;175.41
199.26;175.23
200.26;173.55
201.26;171.87
201.37;171.68
202.29;169.95
203.21;168.22
203.32;168.02
204.15;166.25
204.98;164.48
205.08;164.27
205.83;162.46
206.57;160.65
206.66;160.44
207.31;158.59
207.97;156.75
208.05;156.52
208.61;154.65
209.18;152.77
209.25;152.54
209.72;150.64
210.19;148.74
210.24;148.50
210.62;146.58
211.00;144.66
211.05;144.42
211.33;142.48
211.61;140.54
211.65;140.29
211.84;138.34
212.02;136.39
212.05;136.13
212.14;134.18
212.23;132.22
212.24;131.96
212.24;130.00
212.23;128.04
212.23;127.77
212.13;125.82
212.03;123.86
212.01;123.59
211.82;121.64
211.62;119.69
211.59;119.42
211.30;117.48
211.01;115.55
210.97;115.27
210.58;113.35
210.19;111.43
210.13;111.15
209.65;109.25
209.17;107.35
209.10;107.07
208.53;105.20
207.95;103.33
207.87;103.05
207.20;101.20
206.54;99.36
206.44;99.08
205.68;97.27
204.93;95.47
204.81;95.19
203.97;93.42
203.13;91.65
202.99;91.37
202.07;89.65
201.14;87.92
200.99;87.65
199.98;85.97
198.97;84.30
198.80;84.02
197.71;82.40
196.62;80.77
196.44;80.51
195.27;78.94
194.10;77.37
193.90;77.11
192.65;75.60
191.41;74.09
191.20;73.83
189.88;72.38
188.56;70.94
188.33;70.69
186.94;69.31
185.56;67.93
185.31;67.69
183.86;66.38
182.40;65.07
182.15;64.84
180.63;63.60
179.11;62.36
178.84;62.14
177.27;60.98
175.69;59.82
175.40;59.61
173.77;58.52
172.14;57.44
171.84;57.24
170.16;56.24
168.48;55.24
168.17;55.06
166.44;54.14
164.71;53.22
164.38;53.05
162.61;52.22
160.84;51.39
160.50;51.23
158.69;50.48
156.88;49.74
156.53;49.60
154.69;48.94
152.84;48.29
152.48;48.16
150.61;47.60
148.73;47.04
148.36;46.93
146.46;46.46
144.56;45.99
144.18;45.90
142.26;45.52
140.34;45.14
139.95;45.07
138.01;44.79
136.08;44.51
135.68;44.45
133.73;44.26
131.78;44.08
131.38;44.04
129.43;43.95
127.47;43.86
127.06;43.84
125.10;43.85
123.15;43.85
122.73;43.86
120.78;43.96
118.82;44.06
118.41;44.08
116.46;44.28
114.51;44.48
114.09;44.52
112.16;44.82
110.22;45.11
109.80;45.18
107.88;45.56
105.96;45.95
105.54;46.04
103.64;46.52
101.75;47.00
101.32;47.11
99.45;47.69
97.58;48.26
97.16;48.39
95.32;49.05
93.48;49.72
93.06;49.87
91.25;50.63
89.45;51.38
89.03;51.55
87.27;52.40
85.50;53.24
85.09;53.44
83.37;54.36
81.65;55.30
81.24;55.51
79.57;56.52
77.89;57.54
77.50;57.78
75.87;58.87
74.25;59.96
73.86;60.22
72.29;61.40
70.72;62.57
70.35;62.85
68.84;64.10
67.33;65.35
66.96;65.65
65.52;66.97
64.07;68.29
63.72;68.61
62.34;70.00
60.96;71.39
60.62;71.74
59.31;73.19
58.00;74.65
57.67;75.01
56.43;76.53
55.20;78.05
54.89;78.43
53.73;80.01
52.57;81.58
52.27;81.98
51.19;83.62
50.11;85.25
49.83;85.67
48.83;87.35
47.83;89.03
47.57;89.47
46.65;91.20
45.74;92.93
45.50;93.38
44.67;95.15
43.84;96.93
43.62;97.39
42.88;99.21
42.13;101.02
41.94;101.50
41.28;103.35
40.63;105.19
40.46;105.69
39.90;107.56
39.34;109.44
39.18;109.95
38.72;111.85
38.25;113.75
38.12;114.27
37.74;116.19
37.37;118.11
37.27;118.64
36.99;120.58
36.71;122.51
36.63;123.05
36.45;125.00
36.26;126.95
36.21;127.49
36.12;129.45
36.03;131.41
36.01;131.96
36.02;133.92
36.03;135.87
36.03;136.43
36.13;138.39
36.23;140.34
36.26;140.90
36.46;142.85
36.67;144.80
36.72;145.36
37.02;147.29
37.31;149.23
37.40;149.79
37.79;151.71
38.18;153.63
38.29;154.19
38.78;156.09
39.26;157.99
39.40;158.55
39.98;160.42
40.56;162.29
40.73;162.85
41.39;164.69
42.06;166.53
42.26;167.08
43.02;168.89
43.78;170.70
44.00;171.24
44.85;173.01
45.69;174.77
45.95;175.31
46.88;177.04
47.81;178.76
48.10;179.29
49.11;180.96
50.13;182.64
50.44;183.16
51.53;184.78
52.63;186.40
52.97;186.91
54.14;188.48
55.32;190.04
55.68;190.54
56.93;192.05
58.18;193.55
58.58;194.03
59.90;195.48
61.22;196.92
61.64;197.38
63.03;198.76
64.42;200.14
64.87;200.58
66.32;201.89
67.78;203.20
68.25;203.62
69.77;204.85
71.29;206.09
71.78;206.49
73.36;207.65
74.94;208.81
75.46;209.19
77.09;210.27
78.72;211.35
79.26;211.71
80.94;212.71
82.63;213.71
83.19;214.04
84.92;214.96
86.65;215.87
87.23;216.18
89.00;217.01
90.78;217.84
91.37;218.12
93.19;218.86
95.00;219.60
95.62;219.85
97.46;220.50
99.31;221.15
99.94;221.37
101.81;221.94
103.69;222.49
104.34;222.69
106.24;223.16
108.14;223.62
108.80;223.78
110.72;224.16
112.64;224.53
113.31;224.66
115.25;224.94
117.19;225.22
117.87;225.32
119.82;225.50
121.77;225.68
122.46;225.74
124.41;225.83
126.37;225.92
127.06;225.95
129.02;225.94
130.98;225.93
131.68;225.93
133.63;225.82
135.59;225.72
136.29;225.68
138.24;225.48
140.19;225.28
140.89;225.20
142.83;224.91
144.76;224.61
145.47;224.50
147.39;224.11
149.31;223.72
150.01;223.58
151.91;223.09
153.81;222.61
154.51;222.43
156.38;221.85
158.25;221.27
158.94;221.06
160.78;220.39
162.62;219.72
163.31;219.47
165.12;218.72
166.92;217.96
167.60;217.67
169.37;216.83
171.13;215.98
171.80;215.66
173.52;214.73
175.25;213.80
175.90;213.44
177.58;212.43
179.25;211.41
179.89;211.03
181.52;209.93
183.14;208.83
183.76;208.41
185.33;207.24
186.90;206.06
187.50;205.61
189.01;204.36
190.52;203.11
191.11;202.62
192.55;201.30
194.00;199.98
194.56;199.46
195.94;198.07
197.32;196.67
197.86;196.13
199.17;194.67
200.48;193.21
200.99;192.63
202.23;191.11
203.47;189.59
203.96;188.99
205.12;187.41
206.28;185.83
206.74;185.20
207.82;183.56
208.90;181.93
209.34;181.27
210.33;179.58
211.33;177.90
211.73;177.22
212.65;175.48
213.57;173.75
213.94;173.05
214.77;171.27
215.60;169.50
215.94;168.77
216.67;166.96
217.42;165.14
217.72;164.40
218.37;162.55
219.02;160.70
219.29;159.94
219.85;158.06
220.41;156.18
220.64;155.40
221.11;153.50
221.57;151.59
221.77;150.80
222.14;148.87
222.51;146.95
222.67;146.14
222.95;144.20
223.23;142.26
223.34;141.44
223.52;139.49
223.70;137.54
223.78;136.71
223.87;134.75
223.95;132.80
223.99;131.96
223.98;130.00
223.97;128.04
223.97;127.20
223.86;125.24
223.75;123.29
223.71;122.44
223.50;120.49
223.30;118.54
223.22;117.69
222.92;115.76
222.62;113.82
222.49;112.98
222.10;111.06
221.70;109.14
221.53;108.30
221.04;106.40
220.56;104.50
220.34;103.66
219.77;101.79
219.19;99.92
218.93;99.09
218.26;97.25
217.59;95.41
217.29;94.58
216.53;92.78
215.77;90.97
215.43;90.16
214.58;88.40
213.74;86.63
213.36;85.83
212.42;84.11
211.49;82.39
211.07;81.61
210.05;79.93
209.03;78.26
208.57;77.50
207.47;75.88
206.38;74.25
205.87;73.51
204.70;71.94
203.52;70.37
202.98;69.65
201.73;68.14
200.48;66.64
199.90;65.94
198.58;64.50
197.26;63.05
196.64;62.38
195.25;61.00
193.86;59.63
193.20;58.98
191.74;57.68
190.29;56.37
189.60;55.75
188.08;54.52
186.56;53.29
185.84;52.70
184.26;51.55
182.68;50.39
181.93;49.84
180.30;48.76
178.66;47.68
177.88;47.17
176.20;46.17
174.51;45.17
173.71;44.69
171.97;43.78
170.24;42.87
169.41;42.43
167.63;41.60
165.86;40.77
165.00;40.37
163.19;39.63
161.37;38.90
160.49;38.54
158.64;37.88
156.80;37.24
155.89;36.92
154.02;36.36
152.14;35.81
151.22;35.53
149.31;35.07
147.41;34.60
146.47;34.37
144.55;34.00
142.63;33.63
141.68;33.45
139.74;33.17
137.80;32.89
136.83;32.76
134.88;32.58
132.93;32.39
131.96;32.30
130.00;32.22
128.05;32.14
127.06;32.09
125.10;32.11
123.15;32.11
122.16;32.12
120.20;32.23
118.25;32.34
117.26;32.39
115.31;32.59
113.36;32.80
112.37;32.90
110.43;33.20
108.50;33.50
107.51;33.65
105.59;34.05
103.67;34.44
102.69;34.64
100.79;35.13
98.89;35.62
97.91;35.86
96.04;36.45
94.17;37.03
93.20;37.33
91.36;38.00
89.52;38.67
88.56;39.02
86.76;39.77
84.96;40.54
84.01;40.93
82.25;41.78
80.48;42.63
79.55;43.08
77.83;44.01
76.11;44.94
75.20;45.43
73.53;46.45
71.86;47.47
70.97;48.01
69.35;49.11
67.73;50.20
66.86;50.79
65.30;51.96
63.73;53.14
62.89;53.77
61.39;55.02
59.88;56.27
59.07;56.94
57.63;58.27
56.19;59.59
55.41;60.30
54.03;61.70
52.66;63.09
51.91;63.85
50.61;65.30
49.30;66.76
48.59;67.56
47.36;69.08
46.12;70.60
45.45;71.43
44.29;73.01
43.14;74.59
42.50;75.46
41.42;77.09
40.35;78.73
39.75;79.63
38.76;81.31
37.76;83.00
37.21;83.93
36.29;85.66
35.38;87.39
34.88;88.36
34.05;90.13
33.23;91.91
32.77;92.90
32.03;94.71
31.29;96.53
30.88;97.54
30.23;99.39
29.58;101.24
29.21;102.28
28.66;104.15
28.10;106.03
27.79;107.09
27.32;108.99
26.86;110.90
26.59;111.97
26.23;113.90
25.86;115.82
25.65;116.92
25.37;118.85
25.10;120.79
24.94;121.90
24.76;123.85
24.58;125.80
24.48;126.92
24.39;128.87
24.31;130.83
24.26;131.96
24.27;133.92
24.29;135.87
24.29;137.01
24.40;138.96
24.51;140.92
24.57;142.05
24.78;144.00
24.98;145.95
25.10;147.08
25.40;149.02
25.70;150.95
25.88;152.09
26.27;154.00
26.66;155.92
26.90;157.05
27.38;158.95
27.87;160.84
28.16;161.96
28.74;163.83
29.32;165.70
29.67;166.81
30.34;168.65
31.01;170.49
31.41;171.58
32.17;173.38
32.93;175.19
33.38;176.27
34.23;178.03
35.08;179.79
35.59;180.85
36.52;182.57
37.46;184.29
38.02;185.33
39.04;187.00
40.05;188.68
40.67;189.68
41.77;191.30
42.87;192.93
43.53;193.91
44.71;195.47
45.89;197.04
46.60;197.99
47.85;199.50
49.11;201.00
49.87;201.92
51.19;203.36
52.52;204.80
53.33;205.69
54.73;207.06
56.12;208.44
56.98;209.29
58.44;210.59
59.90;211.90
60.80;212.70
62.32;213.94
63.84;215.17
64.78;215.93
66.36;217.09
67.95;218.24
68.93;218.96
70.56;220.04
72.20;221.12
73.22;221.79
74.91;222.78
76.59;223.78
77.65;224.40
79.38;225.31
81.12;226.23
82.21;226.80
83.98;227.63
85.76;228.45
86.88;228.97
88.69;229.71
90.51;230.44
91.66;230.91
93.51;231.56
95.35;232.20
96.53;232.62
98.41;233.17
100.28;233.73
101.48;234.08
103.38;234.55
105.29;235.01
106.50;235.31
108.43;235.67
110.35;236.04
111.59;236.28
113.53;236.55
115.47;236.83
116.72;237.01
118.67;237.18
120.62;237.36
121.88;237.48
123.83;237.56
125.79;237.64
127.06;237.70
129.02;237.69
130.98;237.67
132.26;237.66
134.21;237.55
136.17;237.45
137.44;237.37
139.39;237.16
141.34;236.96
142.62;236.83
144.55;236.52
146.49;236.22
147.76;236.03
149.68;235.63
151.60;235.23
152.87;234.97
154.76;234.49
156.66;234.00
157.92;233.67
159.79;233.09
161.66;232.51
162.90;232.12
164.74;231.45
166.58;230.78
167.81;230.33
169.61;229.57
171.42;228.80
172.63;228.29
174.39;227.44
176.15;226.59
177.34;226.02
179.06;225.08
180.78;224.15
181.94;223.52
183.62;222.50
185.29;221.48
186.42;220.79
188.04;219.69
189.66;218.60
190.76;217.85
192.33;216.67
193.89;215.49
194.96;214.69
196.46;213.44
197.97;212.19
199.00;211.33
200.44;210.00
201.88;208.68
202.87;207.76
204.25;206.37
205.62;204.98
206.57;204.02
207.87;202.56
209.18;201.10
210.08;200.09
211.31;198.56
212.54;197.04
213.39;195.99
214.55;194.41
215.70;192.82
216.51;191.72
217.58;190.09
218.66;188.45
219.41;187.31
220.41;185.62
221.40;183.94
222.10;182.75
223.01;181.02
223.92;179.29
224.56;178.07
225.38;176.29
226.21;174.52
226.79;173.27
227.53;171.45
228.26;169.64
228.78;168.35
229.43;166.51
230.07;164.66
230.53;163.35
231.09;161.47
231.64;159.59
232.04;158.25
232.50;156.35
232.96;154.45
233.29;153.09
233.66;151.17
234.03;149.24
234.29;147.86
234.56;145.93
234.84;143.99
235.03;142.59
235.21;140.64
235.39;138.69
235.52;137.29
235.60;135.33
235.68;133.37
235.74;131.96
235.72;130.00
235.71;128.04
235.70;126.62
235.59;124.67
235.48;122.71
235.40;121.29
235.19;119.34
234.99;117.39
234.84;115.97
234.53;114.04
234.23;112.10
234.01;110.69
233.61;108.77
233.22;106.85
232.93;105.44
232.44;103.54
231.95;101.65
231.59;100.25
231.00;98.38
230.42;96.51
229.99;95.13
229.32;93.29
228.64;91.45
228.15;90.09
227.38;88.28
226.62;86.48
226.05;85.14
225.20;83.38
224.35;81.61
223.72;80.30
222.78;78.58
221.85;76.86
221.14;75.57
220.12;73.90
219.10;72.22
218.34;70.97
217.24;69.35
216.14;67.73
215.31;66.51
214.13;64.94
212.96;63.38
212.06;62.20
210.81;60.70
209.56;59.19
208.61;58.05
207.28;56.61
205.96;55.17
204.95;54.07
203.55;52.70
202.16;51.33
201.09;50.28
199.63;48.97
198.17;47.67
197.05;46.67
195.53;45.44
194.01;44.21
192.84;43.27
191.26;42.11
189.68;40.96
188.46;40.07
186.82;38.99
185.19;37.92
183.93;37.09
182.24;36.10
180.55;35.10
179.24;34.33
177.51;33.42
175.78;32.51
174.43;31.81
172.65;30.98
170.88;30.16
169.49;29.52
167.68;28.78
165.87;28.05
164.45;27.47
162.60;26.83
160.75;26.18
159.30;25.68
157.42;25.12
155.55;24.57
154.07;24.13
152.17;23.67
150.27;23.21
148.77;22.85
146.84;22.48
144.92;22.12
143.40;21.83
141.46;21.55
139.52;21.28
137.98;21.06
136.04;20.89
134.08;20.71
132.53;20.57
130.58;20.49
128.62;20.41
127.06;20.34
125.10;20.36
123.15;20.37
121.58;20.39
119.63;20.50
117.67;20.61
116.10;20.70
114.16;20.91
112.21;21.11
110.64;21.28
108.71;21.58
106.78;21.89
105.22;22.13
103.30;22.53
101.38;22.92
99.83;23.24
97.94;23.73
96.04;24.23
94.50;24.62
92.63;25.21
90.76;25.79
89.24;26.26
87.41;26.94
85.57;27.61
84.07;28.16
82.27;28.93
80.46;29.69
78.99;30.31
77.23;31.16
75.46;32.02
74.02;32.71
72.30;33.65
70.58;34.59
69.16;35.36
67.49;36.38
65.82;37.40
64.44;38.24
62.82;39.34
61.20;40.44
59.86;41.35
58.30;42.53
56.74;43.71
55.44;44.69
53.94;45.94
52.43;47.19
51.18;48.24
49.74;49.56
48.30;50.89
47.10;52.00
45.73;53.39
44.35;54.79
43.21;55.95
41.90;57.42
40.60;58.88
39.51;60.10
38.28;61.63
37.05;63.15
36.01;64.43
34.86;66.01
33.71;67.60
32.73;68.93
31.66;70.56
30.58;72.20
29.67;73.59
28.68;75.27
27.69;76.96
26.85;78.39
25.94;80.13
25.03;81.86
24.26;83.33
23.43;85.11
22.61;86.89
21.91;88.40
21.17;90.22
20.44;92.03
19.81;93.58
19.17;95.43
18.52;97.28
17.97;98.86
17.42;100.74
16.86;102.62
16.39;104.24
15.93;106.14
15.47;108.04
15.07;109.68
14.71;111.61
14.34;113.53
14.02;115.19
13.75;117.13
13.48;119.07
13.25;120.75
13.07;122.70
12.90;124.65
12.74;126.34
12.66;128.30
12.58;130.26
12.51;131.96
12.53;133.92
12.54;135.87
12.56;137.58
12.67;139.54
12.78;141.49
12.88;143.20
13.09;145.15
13.30;147.10
13.48;148.81
13.78;150.74
14.08;152.68
14.35;154.38
14.75;156.30
15.15;158.21
15.50;159.90
15.99;161.80
16.48;163.69
16.92;165.37
17.50;167.24
18.08;169.11
18.60;170.77
19.28;172.60
19.95;174.44
20.55;176.08
21.32;177.88
22.08;179.68
22.76;181.29
23.61;183.05
24.47;184.81
25.23;186.39
26.17;188.11
27.10;189.83
27.94;191.37
28.96;193.04
29.98;194.71
30.90;196.21
32.00;197.83
33.10;199.45
34.10;200.91
35.28;202.47
36.45;204.03
37.52;205.44
38.78;206.95
40.03;208.45
41.17;209.81
42.49;211.25
43.82;212.69
45.02;214.00
46.42;215.37
47.82;216.74
49.09;217.99
50.55;219.29
52.01;220.60
53.34;221.78
54.87;223.01
56.39;224.24
57.78;225.37
59.37;226.52
60.95;227.67
62.40;228.73
64.04;229.80
65.68;230.88
67.18;231.87
68.87;232.86
70.56;233.85
72.11;234.76
73.85;235.67
75.58;236.58
77.18;237.42
78.96;238.24
80.74;239.07
82.38;239.83
84.20;240.56
86.01;241.29
87.70;241.97
89.55;242.62
91.40;243.26
93.12;243.86
95.00;244.41
96.88;244.97
98.63;245.48
100.53;245.94
102.43;246.40
104.21;246.83
106.14;247.19
108.06;247.56
109.86;247.90
111.80;248.17
113.74;248.45
115.56;248.70
117.52;248.87
119.47;249.05
121.30;249.21
123.26;249.29
125.22;249.37
127.06;249.45
129.02;249.43
130.98;249.41
132.83;249.40
134.79;249.28
136.74;249.17
138.60;249.06
140.54;248.86
142.49;248.64
144.34;248.45
146.28;248.14
148.21;247.84
150.06;247.55
151.97;247.15
153.89;246.75
155.72;246.37
157.62;245.88
159.51;245.38
161.33;244.92
163.20;244.33
165.06;243.74
166.86;243.18
168.70;242.51
170.54;241.83
172.31;241.18
174.11;240.42
175.91;239.65
177.65;238.91
179.41;238.06
181.17;237.21
182.88;236.38
184.60;235.45
186.32;234.51
187.98;233.60
189.65;232.58
191.32;231.56
192.95;230.56
194.57;229.46
196.18;228.36
197.76;227.29
199.32;226.10
200.89;224.93
202.41;223.77
203.92;222.52
205.42;221.26
206.89;220.03
208.33;218.70
209.77;217.38
211.18;216.07
212.55;214.68
213.92;213.28
215.27;211.91
216.58;210.44
217.88;208.98
219.16;207.54
220.39;206.02
221.62;204.49
222.83;202.99
223.98;201.40
225.14;199.82
226.28;198.25
227.35;196.61
228.42;194.98
229.49;193.35
230.48;191.66
231.47;189.97
232.46;188.29
233.37;186.56
234.28;184.82
235.18;183.09
236.00;181.32
236.82;179.54
237.64;177.76
238.38;175.95
239.11;174.13
239.84;172.32
239.85;172.31
240.49;170.46
241.13;168.61
241.77;166.76
241.77;166.76
242.33;164.88
242.88;163.00
243.43;161.12
243.43;161.11
243.89;159.20
244.35;157.30
244.81;155.40
244.81;155.38
245.18;153.46
245.54;151.53
245.91;149.61
245.91;149.59
246.18;147.65
246.45;145.71
246.72;143.77
246.73;143.74
246.90;141.79
247.07;139.84
247.25;137.89
247.25;137.86
247.33;135.91
247.41;133.95
247.49;131.99
247.49;131.96
247.47;130.00
247.45;128.04
247.44;126.08
247.43;126.04
247.32;124.09
247.21;122.14
247.09;120.18
247.09;120.14
246.88;118.19
246.67;116.24
246.46;114.30
246.46;114.25
246.15;112.31
245.85;110.38
245.54;108.45
245.53;108.39
245.14;106.48
244.74;104.56
244.34;102.64
244.32;102.59
243.83;100.69
243.34;98.80
242.85;96.90
242.83;96.84
242.24;94.97
241.66;93.10
241.07;91.24
241.06;91.17
240.38;89.33
239.70;87.50
239.02;85.66
239.00;85.59
238.24;83.79
237.47;81.99
236.70;80.19
236.67;80.12
235.82;78.35
234.97;76.59
234.11;74.83
234.08;74.76
233.14;73.04
232.20;71.32
231.26;69.60
231.22;69.53
230.20;67.86
229.18;66.19
228.16;64.52
228.11;64.44
227.00;62.82
225.90;61.21
224.80;59.59
224.75;59.51
223.57;57.95
222.39;56.39
221.21;54.82
221.15;54.75
219.89;53.24
218.63;51.74
217.38;50.24
217.31;50.16
215.98;48.72
214.66;47.28
213.33;45.84
213.26;45.76
211.86;44.39
210.46;43.02
209.06;41.65
208.98;41.57
207.52;40.27
206.06;38.97
204.59;37.67
204.51;37.59
202.98;36.36
201.46;35.13
199.93;33.91
199.84;33.83
198.26;32.68
196.67;31.53
195.09;30.38
194.99;30.30
193.35;29.23
191.71;28.16
190.07;27.08
189.97;27.01
188.28;26.02
186.59;25.03
184.90;24.04
184.78;23.97
183.05;23.07
181.31;22.16
179.58;21.25
179.45;21.19
177.68;20.37
175.90;19.54
174.12;18.72
173.99;18.66
172.18;17.93
170.36;17.20
168.54;16.47
168.41;16.41
166.56;15.77
164.71;15.13
162.86;14.48
162.71;14.43
160.83;13.88
158.96;13.33
157.08;12.78
156.93;12.74
155.02;12.28
153.12;11.82
151.21;11.36
151.06;11.33
149.13;10.96
147.21;10.60
145.29;10.23
145.12;10.20
143.18;9.93
141.24;9.67
139.31;9.39
139.14;9.37
137.19;9.20
135.24;9.02
133.29;8.85
133.11;8.84
131.15;8.76
129.20;8.68
127.24;8.60
127.06;8.60
125.10;8.61
123.15;8.63
121.19;8.65
121.01;8.65
119.05;8.77
117.10;8.88
115.14;8.99
114.95;9.01
113.01;9.22
111.06;9.43
109.11;9.64
108.92;9.66
106.99;9.96
105.05;10.27
103.12;10.57
102.92;10.61
101.01;11.01
99.09;11.41
97.17;11.81
96.98;11.85
95.08;12.34
93.19;12.83
91.29;13.33
91.09;13.38
89.22;13.97
87.36;14.55
85.49;15.14
85.29;15.20
83.45;15.88
81.61;16.56
79.77;17.23
79.57;17.31
77.77;18.07
75.97;18.84
74.17;19.61
73.96;19.69
72.20;20.55
70.44;21.40
68.68;22.25
68.48;22.35
66.76;23.29
65.04;24.23
63.32;25.17
63.12;25.28
61.45;26.30
59.78;27.33
58.11;28.35
57.91;28.47
56.30;29.57
54.68;30.68
53.06;31.78
52.86;31.91
51.30;33.10
49.74;34.28
48.18;35.46
47.99;35.60
46.48;36.86
44.98;38.12
43.48;39.37
43.29;39.53
41.85;40.86
40.42;42.19
38.98;43.52
38.79;43.69
37.42;45.09
36.05;46.48
34.68;47.88
34.50;48.07
33.20;49.53
31.90;50.99
30.60;52.45
30.42;52.65
29.20;54.18
27.97;55.70
26.74;57.23
26.58;57.43
25.42;59.02
24.27;60.60
23.12;62.18
22.97;62.40
21.89;64.04
20.82;65.68
19.75;67.32
19.60;67.55
18.61;69.24
17.62;70.92
16.63;72.61
16.49;72.85
15.58;74.59
14.67;76.32
13.77;78.06
13.64;78.31
12.81;80.09
12.00;81.87
11.17;83.64
11.05;83.91
10.32;85.72
9.59;87.54
8.86;89.36
8.75;89.62
8.11;91.47
7.47;93.32
6.83;95.17
6.73;95.46
6.18;97.33
5.63;99.21
5.08;101.09
4.99;101.38
4.53;103.28
4.08;105.19
3.62;107.09
3.55;107.39
3.18;109.31
2.82;111.24
2.72;111.78
2.72;113.74
2.72;115.70
2.72;117.65
2.72;119.61
2.72;121.57
2.72;123.53
2.72;125.49
2.72;127.44
2.72;129.40
2.72;131.36
2.72;133.32
2.72;135.28
2.72;137.23
2.72;139.19
2.72;141.15
2.72;143.11
2.72;145.07
2.72;147.02
2.72;148.98
2.72;150.94
2.72;152.90
2.72;154.86
2.72;155.98
2.83;156.67
3.23;158.59
3.63;160.50
4.03;162.42
4.10;162.76
4.60;164.65
5.09;166.55
5.58;168.44
5.67;168.78
6.26;170.65
6.85;172.52
7.43;174.39
7.54;174.72
8.22;176.56
8.90;178.40
9.58;180.23
9.70;180.57
10.47;182.37
11.23;184.17
12.00;185.98
12.14;186.31
13.00;188.07
13.85;189.83
14.71;191.60
14.87;191.93
15.81;193.65
16.75;195.36
17.69;197.08
17.87;197.41
18.89;199.08
19.91;200.75
20.93;202.42
21.13;202.74
22.24;204.36
23.34;205.97
24.45;207.59
24.66;207.90
25.84;209.47
27.02;211.03
28.21;212.59
28.44;212.90
29.70;214.40
30.95;215.90
32.21;217.40
32.46;217.70
33.79;219.14
35.12;220.58
36.45;222.01
36.72;222.30
38.11;223.67
39.51;225.05
40.91;226.42
41.20;226.70
42.66;228.00
44.12;229.30
45.59;230.60
45.89;230.87
47.42;232.09
48.94;233.32
50.47;234.55
50.79;234.80
52.37;235.96
53.95;237.11
55.54;238.26
55.87;238.50
57.51;239.57
59.15;240.64
60.79;241.71
61.14;241.94
62.83;242.93
64.52;243.92
66.21;244.91
66.57;245.13
68.31;246.03
70.05;246.94
71.78;247.84
72.16;248.04
73.94;248.86
75.72;249.68
77.50;250.50
77.89;250.68
79.70;251.41
81.52;252.14
83.34;252.87
83.74;253.03
85.59;253.68
87.44;254.32
89.29;254.96
89.71;255.10
91.59;255.65
93.47;256.20
95.35;256.75
95.77;256.88
97.45;257.28
